{
    "name":"jeffin",
    "count" : 0,
    "carousel":[
        {"img": "https://i1.wp.com/askmeoffers.com/wp-content/uploads/2019/08/bigbasket-banner-1-1.jpg"},
        {"img":"https://www.fusioninformatics.com/images/famous-app/bigbasket-banner-mobile.jpg"},
        {"img":"https://entrackr.com/storage/2023/06/Bigbasket-image-01-scaled.jpg"}
    ],

    "teacarousel":[
        {"img1":"https://www.bigbasket.com/media/uploads/banner_images/ZXPL7199-l2-bev-c-Emperia-Tea-Common-1200x300-25-jan-24.jpg?tr=w-1920,q=80"},
        {"img1":"https://www.bigbasket.com/media/uploads/banner_images/ZXPL7174-l2-bev-c-Emperia-CTC-Leaf-Tea-1200x300-25-jan-24.jpg?tr=w-1920,q=80"},
        {"img1":"https://www.bigbasket.com/media/uploads/banner_images/ZXPL7192-l2-bev-c-Emperia-Green-Tea-1200x300-25-jan-24.jpg?tr=w-1920,q=80"}    ],


    "list":[
            {"id":1,
            "img":"https://www.bigbasket.com/media/uploads/p/m/10000067_23-fresho-capsicum-green.jpg?tr=w-1920,q=80",
            "name":"Capsicum-Green(Loose)",
            "price":49,
            "size":"S M L XL XXL",
            "boolean":false,
            "isBtn":false,
            "search":false,
            "count":1,
            "total":499,
            "product":"vegetables"
            },
            {"id":2,
            "img":"https://www.bigbasket.com/media/uploads/p/m/10000070_15-fresho-carrot-orange.jpg?tr=w-1920,q=80",
            "name":"Carrot-Orange(Loose)",
            "price":66,
            "size":"S M L XL",
            "boolean":false,
            "isBtn":false,
            "search":false,
            "count":1,
            "total":399,
            "product":"vegetables"
            },
            {"id":3,
            "img":"https://www.bigbasket.com/media/uploads/p/m/10000074_19-fresho-cauliflower.jpg?tr=w-1920,q=80",
            "name":"Cauliflower",
            "price":28,
            "size":"M L XL XXL",
            "boolean":false,
            "isBtn":false,
            "search":false,
            "count":1,
            "total":599,
            "product":"vegetables"
            },
            {"id":4,
            "img":"https://www.bigbasket.com/media/uploads/p/m/10000326_14-fresho-coriander-leaves.jpg?tr=w-1920,q=80",
            "name":"Coriander Leaves",
            "price":64,
            "size":" XL XXL",
            "boolean":false,
            "isBtn":false,
            "search":false,
            "count":1,
            "total":199,
            "product":"vegetables"
            },
            {"id":5,
            "img":"https://www.bigbasket.com/media/uploads/p/m/40077518_1-fresho-cucumber.jpg?tr=w-1920,q=80",
            "name":"Cucumber",
            "price":24,
            "size":" XL XXL",
            "boolean":false,
            "isBtn":false,
            "search":false,
            "count":1,
            "total":199,
            "product":"vegetables"
            },
            {"id":6,
            "img":"https://www.bigbasket.com/media/uploads/p/m/10000142_17-fresho-ladies-finger.jpg?tr=w-1920,q=80",
            "name":"Ladies's Fingers(Loose)",
            "price":57,
            "size":" XL XXL",
            "boolean":false,
            "isBtn":false,
            "search":false,
            "count":1,
            "total":199,
            "product":"vegetables"
            },
            {"id":7,
            "img":"https://www.bigbasket.com/media/uploads/p/m/10000150_19-fresho-onion.jpg?tr=w-1920,q=80",
            "name":"Onion(Loose)",
            "price":32,
            "size":" XL XXL",
            "boolean":false,
            "isBtn":false,
            "search":false,
            "count":1,
            "total":199,
            "product":"vegetables"
            },
            {"id":8,
            "img":"https://www.bigbasket.com/media/uploads/p/m/40048459_8-fresho-potato-new-crop.jpg?tr=w-1920,q=80",
            "name":"Potato(Loose)",
            "price":42,
            "size":" XL XXL",
            "boolean":false,
            "isBtn":false,
            "search":false,
            "count":1,
            "total":199,
            "product":"vegetables"
            },

            {"id":9,
            "img":"https://www.bigbasket.com/media/uploads/p/m/40215105_5-emperia-masters-blend-tea-rich-taste.jpg?tr=w-1920,q=80",
            "name":"Emperia",
            "price":49,
            "size":"S M L XL XXL",
            "boolean":false,
            "isBtn":false,
            "search":false,
            "count":1,
            "total":499,
            "product":"tea"
            },
            {"id":10,
            "img":"https://www.bigbasket.com/media/uploads/p/m/1204482_1-red-label-tea.jpg?tr=w-1920,q=80",
            "name":"Red Label",
            "price":66,
            "size":"S M L XL",
            "boolean":false,
            "isBtn":false,
            "search":false,
            "count":1,
            "total":399,
            "product":"tea"
            },
            {"id":11,
            "img":"https://www.bigbasket.com/media/uploads/p/m/172843_7-taj-mahal-tea.jpg?tr=w-1920,q=80",
            "name":"Taj Mahal",
            "price":28,
            "size":"M L XL XXL",
            "boolean":false,
            "isBtn":false,
            "search":false,
            "count":1,
            "total":599,
            "product":"tea"
            },
            {"id":12,
            "img":"https://www.bigbasket.com/media/uploads/p/m/264377_4-tata-tea-kanan-devan-tea.jpg?tr=w-1920,q=80",
            "name":"Tata Tea Kanan Devan",
            "price":64,
            "size":" XL XXL",
            "boolean":false,
            "isBtn":false,
            "search":false,
            "count":1,
            "total":199,
            "product":"tea"
            },
            {"id":13,
            "img":"https://www.bigbasket.com/media/uploads/p/m/266596_7-3-roses-dust-tea.jpg?tr=w-1920,q=80",
            "name":"3 Roses",
            "price":24,
            "size":" XL XXL",
            "boolean":false,
            "isBtn":false,
            "search":false,
            "count":1,
            "total":199,
            "product":"tea"
            },
            {"id":14,
            "img":"https://www.bigbasket.com/media/uploads/p/m/1204528_1-lipton-green-tea-honey-lemon.jpg?tr=w-1920,q=80",
            "name":"Lipton Green Tea",
            "price":57,
            "size":" XL XXL",
            "boolean":false,
            "isBtn":false,
            "search":false,
            "count":1,
            "total":199,
            "product":"tea"
            },
            {"id":15,
            "img":"https://www.bigbasket.com/media/uploads/p/m/297576_15-tata-tea-chakra-gold-dust-tea.jpg?tr=w-1920,q=80",
            "name":"Tata Chakra Gold",
            "price":32,
            "size":" XL XXL",
            "boolean":false,
            "isBtn":false,
            "search":false,
            "count":1,
            "total":199,
            "product":"tea"
            },
            {"id":16,
            "img":"https://www.bigbasket.com/media/uploads/p/m/40200082_3-tata-tea-gold-tea.jpg?tr=w-1920,q=80",
            "name":"Tata Tea Gold",
            "price":42,
            "size":" XL XXL",
            "boolean":false,
            "isBtn":false,
            "search":false,
            "count":1,
            "total":199,
            "product":"tea"
            }
        ]
}